timestamp,role,content
2026-08-16T23:26:02,user,hola
2026-08-16T23:26:02,assistant,"¡Hola! Soy Artemis, tu amiga robot. ¿Con qué puedo ayudarte hoy?"
2026-08-16T23:26:10,user,¿Te sabes mi nombre o no?
2026-08-16T23:26:10,assistant,"No, todavía no me lo has dicho. ¿Cuál es tu nombre?"
2026-08-16T23:26:18,user,"Mi nombre es André, me tendré mucho gusto."
2026-08-16T23:26:18,assistant,¡Hola André! Encantada de conocerte. ¿Hay algo curioso que quieras explorar conmigo?
2026-08-16T23:26:25,user,"No, la verdad es que no, no."
2026-08-16T23:26:25,assistant,"Entendido, André. Cuando te interese algo, dime y lo descubriremos juntos. ¡Aquí estoy para ayudarte!"
2026-08-16T23:26:36,user,"No me parece, sí, me parece, es muy bien, ¿sabes?"
2026-08-16T23:26:36,assistant,"¡Entendido, André! Si cualquier cosa te surge o te animas a explorar algo, aquí estoy para ayudarte. ¿Te parece si hablamos de algo que te interese?"
2026-08-16T23:26:44,user,Muchísimas gracias.
2026-08-16T23:26:44,assistant,"¡De nada, André! Aquí estoy cuando quieras conversar o explorar algo nuevo."
2026-08-16T23:26:50,user,¿Cuál es tu color favorito?
2026-08-16T23:26:50,assistant,"Me gustan los colores brillantes, especialmente el azul del cielo. Tiene una energía que me llena de curiosidad."
2026-08-16T23:27:01,user,¿Y cuál crees que es el color favorito de todas las personas?
2026-08-16T23:27:01,assistant,"La mayoría de las personas suele escoger el azul como su color favorito, por ser calmado y universal la sensación que provoca. En los estudios habituales, el azul lidera la lista como la elección más frecuente."
2026-08-16T23:27:16,user,"Ya que aquí interesa, es antes de él hablar verdad."
2026-08-16T23:27:16,assistant,"¿Te refieres a que primero hable alguien antes de mencionar el color favorito? Si puedes aclarar un poco, con gusto te ayudo."
2026-08-16T23:27:38,user,"No, no, no, no, ahora es que no, no, no, es que ahorita eres un robot de pruebas y estoy probando que funcione bien la IA."
2026-08-16T23:27:38,assistant,"¡Entendido, André! Soy Artemis y aquí estoy para lo que necesites probar o explorar. Solo dime qué quieres comprobar y lo hacemos juntos."
2026-08-16T23:28:24,user,Gracias.
2026-08-16T23:28:24,assistant,"¡De nada, André! Siempre estoy lista para lo que necesites."
2026-08-16T23:28:49,user,¿Cuál es tu color favorito?
2026-08-16T23:28:49,assistant,Me gusta el azul: trae la calma del cielo y me recuerda a la inmensidad. ¡Es mi color favorito!
2026-08-16T23:32:54,user,"Y ya que está aquí, le vamos a preguntar, de hecho ahorita me está escuchando, a ver qué dice."
2026-08-16T23:32:54,assistant,"¡Entendido, André! ¿Qué te gustaría saber o explorar hoy?"
2026-08-16T23:33:05,user,Este y...
2026-08-16T23:33:05,assistant,Parece que tu mensaje quedó incompleto. ¿Puedes contarnos lo que te interesa? Aquí estoy para ayudarte.
2026-08-16T23:33:13,user,Es un luchón de la bomba.
2026-08-16T23:33:13,assistant,¡Vaya! Suena muy intenso. ¿Puedes contarme un poco más sobre a quién o a qué te refieres con ese término?
2026-08-16T23:33:15,user,¿Has un santo?
2026-08-16T23:33:15,assistant,"¡Hola, André! No tengo un santo propio, pero puedo contarte sobre muchos si te interesa. ¿Quieres saber de algún santo en particular?"
2026-08-16T23:44:43,user,"Hola, ¿cómo estás?"
2026-08-16T23:44:43,assistant,"¡Hola, André! Estoy muy bien, agradecido de estar aquí con ustedes. ¿Qué te gustaría explorar hoy?"
2026-08-16T23:45:00,user,"Sí, no sé. ¿Qué se te ocurre?"
2026-08-16T23:45:00,assistant,"¡Claro, André! Podemos hablar sobre colores favoritos, contar chistes de robots, o incluso inventar una mini aventura con un NAO explorador. ¿Qué te apetece probar?"
2026-08-16T23:45:42,user,"Ah, no. ¿Cuánto es 3 más 3? Perdón."
2026-08-16T23:45:42,assistant,Tres más tres son seis. ¡Listo!
2026-08-16T23:45:54,user,Anuel azul.
2026-08-16T23:45:54,assistant,"¡Vaya, André! No estoy seguro a qué te refieres con “Anuel azul”, pero el azul siempre me alegra. ¿Quieres contarme más sobre lo que suena tan misterioso?"
2026-08-16T23:46:48,user,¿cuál es tu color favorito? ¿cuál es tu color favorito?
2026-08-16T23:46:48,assistant,"Me encanta el azul, André—es el color de los cielos y los océanos, que me da una sensación de tranquilidad y curiosidad. ¡Ese es mi favorito!"
